{
  "feature_names": [
    "Pregnancies",
    "Glucose",
    "BloodPressure",
    "SkinThickness",
    "Insulin",
    "BMI",
    "DiabetesPedigreeFunction",
    "Age"
  ],
  "scaler": {
    "mean": [
      3.8450520833333335,
      120.89453125,
      69.10546875,
      20.536458333333332,
      79.79947916666667,
      31.992578124999977,
      0.4718763020833327,
      33.240885416666664
    ],
    "scale": [
      3.3673836124089886,
      31.95179590820272,
      19.343201628981696,
      15.941828626496978,
      115.1689492646728,
      7.879025731540125,
      0.331112816028629,
      11.752572645994178
    ]
  },
  "coefficients": [
    0.4088040328251533,
    1.1073488960702549,
    -0.2507942752224358,
    0.009009545876047582,
    -0.13075318991736273,
    0.6963539469390433,
    0.3088885172949859,
    0.17655053110136162
  ],
  "intercept": -0.8667858720866928,
  "accuracy": 0.7709
}